ID,Ingame Sound Name
0,"Prepare to Fly, or Die"
1,Beat'em with 1000 Metal Wings
2,To Live If you Win
3,Between Hope And Despair
4,You Can Not Win Unless Fight
5,Face the Approaching Fear
6,Dance with the Titans
7,To Regain Our Desolated Land
8,Survive a Death March
9,The Great Chase
10,Dedicate All Your Hearts
11,Against the Mega Disastrous Blow
12,Blast Off! Surround! Shred!
13,Fight! Fight! Fight! Fight!
14,Outbrave the Giant
15,"Ender's Revenge, Ever Not"
16,Let End Vicious Impediment
17,Catastrophe Never Ends
18,The Gigantic Titan
19,Brilliant Kick of the Blond
20,Blond's Rage
21,The Threat of the Bristle
22,A.O.T - Main Theme
23,Get Rest When You can Do It
24,Watch for a Chance
25,End of The Clash
26,Run Away! Titan Come Hit!
27,The Ends of the Sadness
28,A Red Scarf
29,Contrition
30,Sounds of Lamentation Died Away
31,Fool on the Wall
32,Can I Touch Your Arrrrrm!?
33,Brave of Tinies
34,/skip
35,And dedicate your heart
36,The 3-D Maneuver Gear
37,I am strong
38,This world is Beautiful
39,And ... To the Outside World
40,Huge Seismic
41,Raid
42,
43,
44,Revenge of Us
45,The Phantasmagoria
46,The Discipline
47,Livid Edge
48,Strike Back of a Thousand Wings
49,Great Leap of the Species
50,Imminent Peril
51,Defence Operations
52,Overcome the Inferno
53,Blood-Curdling Nightmare
54,The Saviour of the World
55,Survey Corps
56,The Armored Warrior
57,The Blond Executioner
58,All-Out Revenge
59,Eradicator
60,Collosal Blows
61,A.O.T 2 Anthem
62,Spoils of the Hunt
63,/skip
64,My Diary
65,Inside The Wall (Day)
66,Inside The Wall (Night)
67,Titan Research Lab
68,Discipline Area
69,The Middle of Nowhere
70,Build A Campsite Here
71,How Do You Like Living Inside
72,The Cause of Anxiety
73,The Break in the Cloud
74,The Fatal Day
75,The Unnamed Hero
76,Resolve
77,
78,
79,
80,
81,Oath
82,Frosted Eyes
83,Traitors
84,Bells Resounding Madly
85,The Twilight Moment
86,An Ominous Silence
87,Eaten
88,
89,
90,
91,The front line
92,Decide to get your hands dirty
93,The Fierce Battle
94,Boy wonder
95,Kenny the Ripper
96,Crawling Disaster
97,A man of Faith
98,Over the Wall and...
99,Advancements of Each
100,The Desperate Battle
101,AOT2 Anthem Final Battle Edition
102,Achievement of Corps
103,Intermission
104,Revealed Episodes
105,Regain Our World
106,Outside the Wall
107,Road to Victory
108,
109,All is Not Lost
110,At the End of the Suffering
111,Vacillation
112,A ray of hope
113,Farce
114,
115,
116,
117,
118,
119,
